"","","","","","","",""
"","","","","","","",""
"Row Labels","","","","","","",""
"Vans Corp","","","","","","","AR_ZINC"
"Truckz Inc.","","","","","","","ASZ"
"AmeriCars","","","","","","","BOLIVIA_ZINC"
"Dragon Motors","","","","","","","BRUNSWICK"
"Rakaira Vehicles","","","","","","","KAZZ"
"Ubermacht","","","","","","","KMNS"
"Burgerfahrzeug","","","","","","","LEAD"
"Grotti","","","","","","","MATAGAMI"
"Vulcar","","","","","","","MCAR"
"HVY","","","","","","","MIDDLE EAST"
"MTL","","","","","","","NOR"
"LatAmSUV","","","","","","","PERU_ZINC"
"Hijak","","","","","","","PORTOVESME"
"OzzieCar","","","","","","","ZINC_AU_MAD2"
"Grand Total","","","","","","",""
